image,target
img0,0
img1,0
img2,0
img3,0
img4,0
img5,0
img6,0
img7,0
img8,0
img9,0
img10,0
img11,0
img12,0
img13,0
img14,0
img15,0
img16,0
img17,0
img18,0
img19,0
img20,0
img21,0
img22,0
img23,0
img24,0
img25,0
img26,0
img27,0
img28,0
img29,0
img30,0
img31,0
img32,0
img33,0
img34,0
img35,0
img36,0
img37,0
img38,0
img39,0
img40,0
img41,0
img42,0
img43,0
img44,0
img45,0
img46,0
img47,0
img48,0
img49,0
img50,0
img51,0
img52,0
img53,0
img54,0
img55,0
img56,0
img57,0
img58,0
img59,0
img60,0
img61,0
img62,0
img63,0
img64,0
img65,0
img66,0
img67,0
img68,0
img69,0
img70,0
img71,0
img72,0
img73,0
img74,0
img75,0
img76,0
img77,0
img78,0
img79,0
img80,0
img81,0
img82,0
img83,0
img84,0
img85,0
img86,0
img87,0
img88,0
img89,0
img90,0
img91,0
img92,0
img93,0
img94,0
img95,0
img96,0
img97,0
img98,0
img99,0
img100,0
img101,0
img102,0
img103,0
img104,0
img105,0
img106,0
img107,0
img108,0
img109,0
img110,0
img111,0
img112,0
img113,0
img114,0
img115,0
img116,0
img117,0
img118,0
img119,0
img120,0
img121,0
img122,0
img123,0
img124,0
img125,0
img126,0
img127,0
img128,0
img129,0
img130,0
img131,0
img132,0
img133,0
img134,0
img135,0
img136,0
img137,0
img138,0
img139,0
img140,0
img141,0
img142,0
img143,0
img144,0
img145,0
img146,0
img147,0
img148,0
img149,0
img150,0
img151,0
img152,0
img153,0
img154,0
img155,0
img156,0
img157,0
img158,0
img159,0
img160,0
img161,0
img162,0
img163,0
img164,0
img165,0
img166,0
img167,0
img168,0
img169,0
img170,0
img171,0
img172,0
img173,0
img174,0
img175,0
img176,0
img177,0
img178,0
img179,0
img180,0
img181,0
img182,0
img183,0
img184,0
img185,0
img186,0
img187,0
img188,0
img189,0
img190,0
img191,0
img192,0
img193,0
img194,0
img195,0
img196,0
img197,0
img198,0
img199,0
img200,0
img201,0
img202,0
img203,0
img204,0
img205,0
img206,0
img207,0
img208,0
img209,0
img210,0
img211,0
img212,0
img213,0
img214,0
img215,0
img216,0
img217,0
img218,0
img219,0
img220,0
img221,0
img222,0
img223,0
img224,0
img225,0
img226,0
img227,0
img228,0
img229,0
img230,0
img231,0
img232,0
img233,0
img234,0
img235,0
img236,0
img237,0
img238,0
img239,0
img240,0
img241,0
img242,0
img243,0
img244,0
img245,0
img246,0
img247,0
img248,0
img249,0
img250,0
img251,0
img252,0
img253,0
img254,0
img255,0
img256,0
img257,0
img258,0
img259,0
img260,0
img261,0
img262,0
img263,0
img264,0
img265,0
img266,0
img267,0
img268,0
img269,0
img270,0
img271,0
img272,0
img273,0
img274,0
img275,0
img276,0
img277,0
img278,0
img279,0
img280,0
img281,0
img282,0
img283,0
img284,0
img285,0
img286,0
img287,0
img288,0
img289,0
img290,0
img291,0
img292,0
img293,0
img294,0
img295,0
img296,0
img297,0
img298,0
img299,0
img300,0
img301,0
img302,0
img303,0
img304,0
img305,0
img306,0
img307,0
img308,0
img309,0
img310,0
img311,0
img312,0
img313,0
img314,0
img315,0
img316,0
img317,0
img318,0
img319,0
img320,0
img321,0
img322,0
img323,0
img324,0
img325,0
img326,0
img327,0
img328,0
img329,0
img330,0
img331,0
img332,0
img333,0
img334,0
img335,0
img336,0
img337,0
img338,0
img339,0
img340,0
img341,0
img342,0
img343,0
img344,0
img345,0
img346,0
img347,0
img348,0
img349,0
img350,0
img351,0
img352,0
img353,0
img354,0
img355,0
img356,0
img357,0
img358,0
img359,0
img360,0
img361,0
img362,0
img363,0
img364,0
img365,0
img366,0
img367,0
img368,0
img369,0
img370,0
img371,0
img372,0
img373,0
img374,0
img375,0
img376,0
img377,0
img378,0
img379,0
img380,0
img381,0
img382,0
img383,0
img384,0
img385,0
img386,0
img387,0
img388,0
img389,0
img390,0
img391,0
img392,0
img393,0
img394,0
img395,0
img396,0
img397,0
img398,0
img399,0
img400,0
img401,0
img402,0
img403,0
img404,0
img405,0
img406,0
img407,0
img408,0
img409,0
img410,0
img411,0
img412,0
img413,0
img414,0
img415,0
img416,0
img417,0
img418,0
img419,0
img420,0
img421,0
img422,0
img423,0
img424,0
img425,0
img426,0
img427,0
img428,0
img429,0
img430,0
img431,0
img432,0
img433,0
img434,0
img435,0
img436,0
img437,0
img438,0
img439,0
img440,0
img441,0
img442,0
img443,0
img444,0
img445,0
img446,0
img447,0
img448,0
img449,0
img450,0
img451,0
img452,0
img453,0
img454,0
img455,0
img456,0
img457,0
img458,0
img459,0
img460,0
img461,0
img462,0
img463,0
img464,0
img465,0
img466,0
img467,0
img468,0
img469,0
img470,0
img471,0
img472,0
img473,0
img474,0
img475,0
img476,0
img477,0
img478,0
img479,0
img480,0
img481,0
img482,0
img483,0
img484,0
img485,0
img486,0
img487,0
img488,0
img489,0
img490,0
img491,0
img492,0
img493,0
img494,0
img495,0
img496,0
img497,0
img498,0
img499,0
img500,0
img501,0
img502,0
img503,0
img504,0
img505,0
img506,0
img507,0
img508,0
img509,0
img510,0
img511,0
img512,0
img513,0
img514,0
img515,0
img516,0
img517,0
img518,0
img519,0
img520,0
img521,0
img522,0
img523,0
img524,0
img525,0
img526,0
img527,0
img528,0
img529,0
img530,0
img531,0
img532,0
img533,0
img534,0
img535,0
img536,0
img537,0
img538,0
img539,0
img540,0
img541,0
img542,0
img543,0
img544,0
img545,0
img546,0
img547,0
img548,0
img549,0
img550,0
img551,0
img552,0
img553,0
img554,0
img555,0
img556,0
img557,0
img558,0
img559,0
img560,0
img561,0
img562,0
img563,0
img564,0
img565,0
img566,0
img567,0
img568,0
img569,0
img570,0
img571,0
img572,0
img573,0
img574,0
img575,0
img576,0
img577,0
img578,0
img579,0
img580,0
img581,0
img582,0
img583,0
img584,0
img585,0
img586,0
img587,0
img588,0
img589,0
img590,0
img591,0
img592,0
img593,0
img594,0
img595,0
img596,0
img597,0
img598,0
img599,0
img600,0
img601,0
img602,0
img603,0
img604,0
img605,0
img606,0
img607,0
img608,0
img609,0
img610,0
img611,0
img612,0
img613,0
img614,0
img615,0
img616,0
img617,0
img618,0
img619,0
img620,0
img621,0
img622,0
img623,0
img624,0
img625,0
img626,0
img627,0
img628,0
img629,0
img630,0
img631,0
img632,0
img633,0
img634,0
img635,0
img636,0
img637,0
img638,0
img639,0
img640,0
img641,0
img642,0
img643,0
img644,0
img645,0
img646,0
img647,0
img648,0
img649,0
img650,0
img651,0
img652,0
img653,0
img654,0
img655,0
img656,0
img657,0
img658,0
img659,0
img660,0
img661,0
img662,0
img663,0
img664,0
img665,0
img666,0
img667,0
img668,0
img669,0
img670,0
img671,0
img672,0
img673,0
img674,0
img675,0
img676,0
img677,0
img678,0
img679,0
img680,0
img681,0
img682,0
img683,0
img684,0
img685,0
img686,0
img687,0
img688,0
img689,0
img690,0
img691,0
img692,0
img693,0
img694,0
img695,0
img696,0
img697,0
img698,0
img699,0
img700,0
img701,0
img702,0
img703,0
img704,0
img705,0
img706,0
img707,0
img708,0
img709,0
img710,0
img711,0
img712,0
img713,0
img714,0
img715,0
img716,0
img717,0
img718,0
img719,0
img720,0
img721,0
img722,0
img723,0
img724,0
img725,0
img726,0
img727,0
img728,0
img729,0
img730,0
img731,0
img732,0
img733,0
img734,0
img735,0
img736,0
img737,0
img738,0
img739,0
img740,0
img741,0
img742,0
img743,0
img744,0
img745,0
img746,0
img747,0
img748,0
img749,0
img750,0
img751,0
img752,0
img753,0
img754,0
img755,0
img756,0
img757,0
img758,0
img759,0
img760,0
img761,0
img762,0
img763,0
img764,0
img765,0
img766,0
img767,0
img768,0
img769,0
img770,0
img771,0
img772,0
img773,0
img774,0
img775,0
img776,0
img777,0
img778,0
img779,0
img780,0
img781,0
img782,0
img783,0
img784,0
img785,0
img786,0
img787,0
img788,0
img789,0
img790,0
img791,0
img792,0
img793,0
img794,0
img795,0
img796,0
img797,0
img798,0
img799,0
img800,0
img801,0
img802,0
img803,0
img804,0
img805,0
img806,0
img807,0
img808,0
img809,0
img810,0
img811,0
img812,0
img813,0
img814,0
img815,0
img816,0
img817,0
img818,0
img819,0
img820,0
img821,0
img822,0
img823,0
img824,0
img825,0
img826,0
img827,0
img828,0
img829,0
img830,0
img831,0
img832,0
img833,0
img834,0
img835,0
img836,0
img837,0
img838,0
img839,0
img840,0
img841,0
img842,0
img843,0
img844,0
img845,0
img846,0
img847,0
img848,0
img849,0
img850,0
img851,0
img852,0
img853,0
img854,0
img855,0
img856,0
img857,0
img858,0
img859,0
img860,0
img861,0
img862,0
img863,0
img864,0
img865,0
img866,0
img867,0
img868,0
img869,0
img870,0
img871,0
img872,0
img873,0
img874,0
img875,0
img876,0
img877,0
img878,0
img879,0
img880,0
img881,0
img882,0
img883,0
img884,0
img885,0
img886,0
img887,0
img888,0
img889,0
img890,0
img891,0
img892,0
img893,0
img894,0
img895,0
img896,0
img897,0
img898,0
img899,0
img900,0
img901,0
img902,0
img903,0
img904,0
img905,0
img906,0
img907,0
img908,0
img909,0
img910,0
img911,0
img912,0
img913,0
img914,0
img915,0
img916,0
img917,0
img918,0
img919,0
img920,0
img921,0
img922,0
img923,0
img924,0
img925,0
img926,0
img927,0
img928,0
img929,0
img930,0
img931,0
img932,0
img933,0
img934,0
img935,0
img936,0
img937,0
img938,0
img939,0
img940,0
img941,0
img942,0
img943,0
img944,0
img945,0
img946,0
img947,0
img948,0
img949,0
img950,0
img951,0
img952,0
img953,0
img954,0
img955,0
img956,0
img957,0
img958,0
img959,0
img960,0
img961,0
img962,0
img963,0
img964,0
img965,0
img966,0
img967,0
img968,0
img969,0
img970,0
img971,0
img972,0
img973,0
img974,0
img975,0
img976,0
img977,0
img978,0
img979,0
img980,0
img981,0
img982,0
img983,0
img984,0
img985,0
img986,0
img987,0
img988,0
img989,0
img990,0
img991,0
img992,0
img993,0
img994,0
img995,0
img996,0
img997,0
img998,0
img999,0
img1000,0
img1001,0
img1002,0
img1003,0
img1004,0
img1005,0
img1006,0
img1007,0
img1008,0
img1009,0
img1010,0
img1011,0
img1012,0
img1013,0
img1014,0
img1015,0
img1016,0
img1017,0
img1018,0
img1019,0
img1020,0
img1021,0
img1022,0
img1023,0
img1024,0
img1025,0
img1026,0
img1027,0
img1028,0
img1029,0
img1030,0
img1031,0
img1032,0
img1033,0
img1034,0
img1035,0
img1036,0
img1037,0
img1038,0
img1039,0
img1040,0
img1041,0
img1042,0
img1043,0
img1044,0
img1045,0
img1046,0
img1047,0
img1048,0
img1049,0
img1050,0
img1051,0
img1052,0
img1053,0
img1054,0
img1055,0
img1056,0
img1057,0
img1058,0
img1059,0
img1060,0
img1061,0
img1062,0
img1063,0
img1064,0
img1065,0
img1066,0
img1067,0
img1068,0
img1069,0
img1070,0
img1071,0
img1072,0
img1073,0
img1074,0
img1075,0
img1076,0
img1077,0
img1078,0
img1079,0
img1080,0
img1081,0
img1082,0
img1083,0
img1084,0
img1085,0
img1086,0
img1087,0
img1088,0
img1089,0
img1090,0
img1091,0
img1092,0
img1093,0
img1094,0
img1095,0
img1096,0
img1097,0
img1098,0
img1099,0
img1100,0
img1101,0
img1102,0
img1103,0
img1104,0
img1105,0
img1106,0
img1107,0
img1108,0
img1109,0
img1110,0
img1111,0
img1112,0
img1113,0
img1114,0
img1115,0
img1116,0
img1117,0
img1118,0
img1119,0
img1120,0
img1121,0
img1122,0
img1123,0
img1124,0
img1125,0
img1126,0
img1127,0
img1128,0
img1129,0
img1130,0
img1131,0
img1132,0
img1133,0
img1134,0
img1135,0
img1136,0
img1137,0
img1138,0
img1139,0
img1140,0
img1141,0
img1142,0
img1143,0
img1144,0
img1145,0
img1146,0
img1147,0
img1148,0
img1149,0
img1150,0
img1151,0
img1152,0
img1153,0
img1154,0
img1155,0
img1156,0
img1157,0
img1158,0
img1159,0
img1160,0
img1161,0
img1162,0
img1163,0
img1164,0
img1165,0
img1166,0
img1167,0
img1168,0
img1169,0
img1170,0
img1171,0
img1172,0
img1173,0
img1174,0
img1175,0
img1176,0
img1177,0
img1178,0
img1179,0
img1180,0
img1181,0
img1182,0
img1183,0
img1184,0
img1185,0
img1186,0
img1187,0
img1188,0
img1189,0
img1190,0
img1191,0
img1192,0
img1193,0
img1194,0
img1195,0
img1196,0
img1197,0
img1198,0
img1199,0
img1200,0
img1201,0
img1202,0
img1203,0
img1204,0
img1205,0
img1206,0
img1207,0
img1208,0
img1209,0
img1210,0
img1211,0
img1212,0
img1213,0
img1214,0
img1215,0
img1216,0
img1217,0
img1218,0
img1219,0
img1220,0
img1221,0
img1222,0
img1223,0
img1224,0
img1225,0
img1226,0
img1227,0
img1228,0
img1229,0
img1230,0
img1231,0
img1232,0
img1233,0
img1234,0
img1235,0
img1236,0
img1237,0
img1238,0
img1239,0
img1240,0
img1241,0
img1242,0
img1243,0
img1244,0
img1245,0
img1246,0
img1247,0
img1248,0
img1249,0
img1250,0
img1251,0
img1252,0
img1253,0
img1254,0
img1255,0
img1256,0
img1257,0
img1258,0
img1259,0
img1260,0
img1261,0
img1262,0
img1263,0
img1264,0
img1265,0
img1266,0
img1267,0
img1268,0
img1269,0
img1270,0
img1271,0
img1272,0
img1273,0
img1274,0
img1275,0
img1276,0
img1277,0
img1278,0
img1279,0
img1280,0
img1281,0
img1282,0
img1283,0
img1284,0
img1285,0
img1286,0
img1287,0
img1288,0
img1289,0
img1290,0
img1291,0
img1292,0
img1293,0
img1294,0
img1295,0
img1296,0
img1297,0
img1298,0
img1299,0
img1300,0
img1301,0
img1302,0
img1303,0
img1304,0
img1305,0
img1306,0
img1307,0
img1308,0
img1309,0
img1310,0
img1311,0
img1312,0
img1313,0
img1314,0
img1315,0
img1316,0
img1317,0
img1318,0
img1319,0
img1320,0
img1321,0
img1322,0
img1323,0
img1324,0
img1325,0
img1326,0
img1327,0
img1328,0
img1329,0
img1330,0
img1331,0
img1332,0
img1333,0
img1334,0
img1335,0
img1336,0
img1337,0
img1338,0
img1339,0
img1340,0
img1341,0
img1342,0
img1343,0
img1344,0
img1345,0
img1346,0
img1347,0
img1348,0
img1349,0
img1350,0
img1351,0
img1352,0
img1353,0
img1354,0
img1355,0
img1356,0
img1357,0
img1358,0
img1359,0
img1360,0
img1361,0
img1362,0
img1363,0
img1364,0
img1365,0
img1366,0
img1367,0
img1368,0
img1369,0
img1370,0
img1371,0
img1372,0
img1373,0
img1374,0
img1375,0
img1376,0
img1377,0
img1378,0
img1379,0
img1380,0
img1381,0
img1382,0
img1383,0
img1384,0
img1385,0
img1386,0
img1387,0
img1388,0
img1389,0
img1390,0
img1391,0
img1392,0
img1393,0
img1394,0
img1395,0
img1396,0
img1397,0
img1398,0
img1399,0
img1400,0
img1401,0
img1402,0
img1403,0
img1404,0
img1405,0
img1406,0
img1407,0
img1408,0
img1409,0
img1410,0
img1411,0
img1412,0
img1413,0
img1414,0
img1415,0
img1416,0
img1417,0
img1418,0
img1419,0
img1420,0
img1421,0
img1422,0
img1423,0
img1424,0
img1425,0
img1426,0
img1427,0
img1428,0
img1429,0
img1430,0
img1431,0
img1432,0
img1433,0
img1434,0
img1435,0
img1436,0
img1437,0
img1438,0
img1439,0
img1440,0
img1441,0
img1442,0
img1443,0
img1444,0
img1445,0
img1446,0
img1447,0
img1448,0
img1449,0
img1450,0
img1451,0
img1452,0
img1453,0
img1454,0
img1455,0
img1456,0
img1457,0
img1458,0
img1459,0
img1460,0
img1461,0
img1462,0
img1463,0
img1464,0
img1465,0
img1466,0
img1467,0
img1468,0
img1469,0
img1470,0
img1471,0
img1472,0
img1473,0
img1474,0
img1475,0
img1476,0
img1477,0
img1478,0
img1479,0
img1480,0
img1481,0
img1482,0
img1483,0
img1484,0
img1485,0
img1486,0
img1487,0
img1488,0
img1489,0
img1490,0
img1491,0
img1492,0
img1493,0
img1494,0
img1495,0
img1496,0
img1497,0
img1498,0
img1499,0
img1500,0
img1501,0
img1502,0
img1503,0
img1504,0
img1505,0
img1506,0
img1507,0
img1508,0
img1509,0
img1510,0
img1511,0
img1512,0
img1513,0
img1514,0
img1515,0
img1516,0
img1517,0
img1518,0
img1519,0
img1520,0
img1521,0
img1522,0
img1523,0
img1524,0
img1525,0
img1526,0
img1527,0
img1528,0
img1529,0
img1530,0
img1531,0
img1532,0
img1533,0
img1534,0
img1535,0
img1536,0
img1537,0
img1538,0
img1539,0
img1540,0
img1541,0
img1542,0
img1543,0
img1544,0
img1545,0
img1546,0
img1547,0
img1548,0
img1549,0
img1550,0
img1551,0
img1552,0
img1553,0
img1554,0
img1555,0
img1556,0
img1557,0
img1558,0
img1559,0
img1560,0
img1561,0
img1562,0
img1563,0
img1564,0
img1565,0
img1566,0
img1567,0
img1568,0
img1569,0
img1570,0
img1571,0
img1572,0
img1573,0
img1574,0
img1575,0
img1576,0
img1577,0
img1578,0
img1579,0
img1580,0
img1581,0
img1582,0
img1583,0
img1584,0
img1585,0
img1586,0
img1587,0
img1588,0
img1589,0
img1590,0
img1591,0
img1592,0
img1593,0
img1594,0
img1595,0
img1596,0
img1597,0
img1598,0
img1599,0
img1600,0
img1601,0
img1602,0
img1603,0
img1604,0
img1605,0
img1606,0
img1607,0
img1608,0
img1609,0
img1610,0
img1611,0
img1612,0
img1613,0
img1614,0
img1615,0
img1616,0
img1617,0
img1618,0
img1619,0
img1620,0
img1621,0
img1622,0
img1623,0
img1624,0
img1625,0
img1626,0
img1627,0
img1628,0
img1629,0
img1630,0
img1631,0
img1632,0
img1633,0
img1634,0
img1635,0
img1636,0
img1637,0
img1638,0
img1639,0
img1640,0
img1641,0
img1642,0
img1643,0
img1644,0
img1645,0
img1646,0
img1647,0
img1648,0
img1649,0
img1650,0
img1651,0
img1652,0
img1653,0
img1654,0
img1655,0
img1656,0
img1657,0
img1658,0
img1659,0
img1660,0
img1661,0
img1662,0
img1663,0
img1664,0
img1665,0
img1666,0
img1667,0
img1668,0
img1669,0
img1670,0
img1671,0
img1672,0
img1673,0
img1674,0
img1675,0
img1676,0
img1677,0
img1678,0
img1679,0
img1680,0
img1681,0
img1682,0
img1683,0
img1684,0
img1685,0
img1686,0
img1687,0
img1688,0
img1689,0
img1690,0
img1691,0
img1692,0
img1693,0
img1694,0
img1695,0
img1696,0
img1697,0
img1698,0
img1699,0
img1700,0
img1701,0
img1702,0
img1703,0
img1704,0
img1705,0
img1706,0
img1707,0
img1708,0
img1709,0
img1710,0
img1711,0
img1712,0
img1713,0
img1714,0
img1715,0
img1716,0
img1717,0
img1718,0
img1719,0
img1720,0
img1721,0
img1722,0
img1723,0
img1724,0
img1725,0
img1726,0
img1727,0
img1728,0
img1729,0
img1730,0
img1731,0
img1732,0
img1733,0
img1734,0
img1735,0
img1736,0
img1737,0
img1738,0
img1739,0
img1740,0
img1741,0
img1742,0
img1743,0
img1744,0
img1745,0
img1746,0
img1747,0
img1748,0
img1749,0
img1750,0
img1751,0
img1752,0
img1753,0
img1754,0
img1755,0
img1756,0
img1757,0
img1758,0
img1759,0
img1760,0
img1761,0
img1762,0
img1763,0
img1764,0
img1765,0
img1766,0
img1767,0
img1768,0
img1769,0
img1770,0
img1771,0
img1772,0
img1773,0
img1774,0
img1775,0
img1776,0
img1777,0
img1778,0
img1779,0
img1780,0
img1781,0
img1782,0
img1783,0
img1784,0
img1785,0
img1786,0
img1787,0
img1788,0
img1789,0
img1790,0
img1791,0
img1792,0
img1793,0
img1794,0
img1795,0
img1796,0
img1797,0
img1798,0
img1799,0
img1800,0
img1801,0
img1802,0
img1803,0
img1804,0
img1805,0
img1806,0
img1807,0
img1808,0
img1809,0
img1810,0
img1811,0
img1812,0
img1813,0
img1814,0
img1815,0
img1816,0
img1817,0
img1818,0
img1819,0
img1820,0
img1821,0
img1822,0
img1823,0
img1824,0
img1825,0
img1826,0
img1827,0
img1828,0
img1829,0
img1830,0
img1831,0
img1832,0
img1833,0
img1834,0
img1835,0
img1836,0
img1837,0
img1838,0
img1839,0
img1840,0
img1841,0
img1842,0
img1843,0
img1844,0
img1845,0
img1846,0
img1847,0
img1848,0
img1849,0
img1850,0
img1851,0
img1852,0
img1853,0
img1854,0
img1855,0
img1856,0
img1857,0
img1858,0
img1859,0
img1860,0
img1861,0
img1862,0
img1863,0
img1864,0
img1865,0
img1866,0
img1867,0
img1868,0
img1869,0
img1870,0
img1871,0
img1872,0
img1873,0
img1874,0
img1875,0
img1876,0
img1877,0
img1878,0
img1879,0
img1880,0
img1881,0
img1882,0
img1883,0
img1884,0
img1885,0
img1886,0
img1887,0
img1888,0
img1889,0
img1890,0
img1891,0
img1892,0
img1893,0
img1894,0
img1895,0
img1896,0
img1897,0
img1898,0
img1899,0
img1900,0
img1901,0
img1902,0
img1903,0
img1904,0
img1905,0
img1906,0
img1907,0
img1908,0
img1909,0
img1910,0
img1911,0
img1912,0
img1913,0
img1914,0
img1915,0
img1916,0
img1917,0
img1918,0
img1919,0
img1920,0
img1921,0
img1922,0
img1923,0
img1924,0
img1925,0
img1926,0
img1927,0
img1928,0
img1929,0
img1930,0
img1931,0
img1932,0
img1933,0
img1934,0
img1935,0
img1936,0
img1937,0
img1938,0
img1939,0
img1940,0
img1941,0
img1942,0
img1943,0
img1944,0
img1945,0
img1946,0
img1947,0
img1948,0
img1949,0
img1950,0
img1951,0
img1952,0
img1953,0
img1954,0
img1955,0
img1956,0
img1957,0
img1958,0
img1959,0
img1960,0
img1961,0
img1962,0
img1963,0
img1964,0
img1965,0
img1966,0
img1967,0
img1968,0
img1969,0
img1970,0
img1971,0
img1972,0
img1973,0
img1974,0
img1975,0
img1976,0
img1977,0
img1978,0
img1979,0
img1980,0
img1981,0
img1982,0
img1983,0
img1984,0
img1985,0
img1986,0
img1987,0
img1988,0
img1989,0
img1990,0
img1991,0
img1992,0
img1993,0
img1994,0
img1995,0
img1996,0
img1997,0
img1998,0
img1999,0
img2000,0
img2001,0
img2002,0
img2003,0
img2004,0
img2005,0
img2006,0
img2007,0
img2008,0
img2009,0
img2010,0
img2011,0
img2012,0
img2013,0
img2014,0
img2015,0
img2016,0
img2017,0
img2018,0
img2019,0
img2020,0
img2021,0
img2022,0
img2023,0
img2024,0
img2025,0
img2026,0
img2027,0
img2028,0
img2029,0
img2030,0
img2031,0
img2032,0
img2033,0
img2034,0
img2035,0
img2036,0
img2037,0
img2038,0
img2039,0
img2040,0
img2041,0
img2042,0
img2043,0
img2044,0
img2045,0
img2046,0
img2047,0
img2048,0
img2049,0
img2050,0
img2051,0
img2052,0
img2053,0
img2054,0
img2055,0
img2056,0
img2057,0
img2058,0
img2059,0
img2060,0
img2061,0
img2062,0
img2063,0
img2064,0
img2065,0
img2066,0
img2067,0
img2068,0
img2069,0
img2070,0
img2071,0
img2072,0
img2073,0
img2074,0
img2075,0
img2076,0
img2077,0
img2078,0
img2079,0
img2080,0
img2081,0
img2082,0
img2083,0
img2084,0
img2085,0
img2086,0
img2087,0
img2088,0
img2089,0
img2090,0
img2091,0
img2092,0
img2093,0
img2094,0
img2095,0
img2096,0
img2097,0
img2098,0
img2099,0
img2100,0
img2101,0
img2102,0
img2103,0
img2104,0
img2105,0
img2106,0
img2107,0
img2108,0
img2109,0
img2110,0
img2111,0
img2112,0
img2113,0
img2114,0
img2115,0
img2116,0
img2117,0
img2118,0
img2119,0
img2120,0
img2121,0
img2122,0
img2123,0
img2124,0
img2125,0
img2126,0
img2127,0
img2128,0
img2129,0
img2130,0
img2131,0
img2132,0
img2133,0
img2134,0
img2135,0
img2136,0
img2137,0
img2138,0
img2139,0
img2140,0
img2141,0
img2142,0
img2143,0
img2144,0
img2145,0
img2146,0
img2147,0
img2148,0
img2149,0
img2150,0
img2151,0
img2152,0
img2153,0
img2154,0
img2155,0
img2156,0
img2157,0
img2158,0
img2159,0
img2160,0
img2161,0
img2162,0
img2163,0
